CLASSE,COMPLEX_MEAS,SPREAD,SHP_FACT,HU_MOM1,HU_MOM2,HU_MOM3,HU_MOM4,HU_MOM5,HU_MOM6,HU_MOM7,CIRCULARITY,PERI_AREA_RATIO,FG_STD,FG_VAR,FG_MIN,FG_MAX,FG_MEAN,FG_MEDIAN,FG_VAR_COEF,BG_STD,BG_VAR,BG_MIN,BG_MAX,BG_MEAN,BG_MEDIAN,BG_VAR_COEF,FG_DARK_INTENS,FG_BG_KS_STAT,FG_BG_MW_STAT,FG_BG_RAT_ARI,FG_BG_RAT_QUA
OIL SPILL,304.661540371562,1.0692256108874638,24.244195060062562,3.1321956103479582,7.368711213413586,14.376517791322767,13.733277993980108,7.513798553341087,3.8551359700113776,0.7356152334773044,0.10063127507763085,30.978078587748026,3.741621342202322,14.437640820679357,-44.6932596146789,-16.98927896788991,-24.467301390336306,-23.878928296636087,-0.15294896311409117,3.149653884877612,10.277179740223795,-43.286202886850155,-5.997111282966361,-20.28068463134278,-19.955669992354743,-0.15563946648712917,4.186616758993527,0.5174739136679618,473331563.68960243,0.8293692925688074,0.8297708959327217
SEEPAGE SLICK,898.7869225200309,0.8551674079811362,71.52319075270762,3.1390770887431803,7.384147090491466,14.225680602441832,13.719742582219455,-4.837416042403036,1.7317868121837592,-4.870428522076457,0.046020660576347884,20.730918307390798,3.6139094814218358,13.57478411150498,-48.876573862068966,-14.3346705,-23.07615582022001,-22.571106603448275,-0.1568775124808812,3.1366174093603307,11.377253901234624,-48.807357068965516,0.26445639310344854,-18.472327863936293,-18.35081474137931,-0.17853666527021944,4.603827956283714,0.5400646449716133,19997003765.543102,0.8021921003448276,0.80640935
